日付,潮回り,竿頭(宝来丸),竿頭(飛翔),潮の速さ,天気,波高,風速
2024/7/12,小潮,,,,雨曇晴,0.6,5
2024/7/13,小潮,32,,,晴曇,0.4,2
2024/7/14,小潮,渋,,,曇雨,0.2,2
2024/7/15,長潮,,,,雨雲雨 ,0.2,3
2024/7/16,若潮,38,,速い,雨雲,0.2,3
2024/7/17,中潮,,,,雨雲,0.2,1
2024/7/18,中潮,,,,雲晴雲,0.5,4
2024/7/19,大潮,渋,,速い,曇雨,0.7,3.5
2024/7/20,大潮,渋,,速い,曇晴,0.7,2
2024/7/21,大潮,,,,雲晴雨,0.5,4
2024/7/22,大潮,,,,雨晴,0.7,2
2024/7/23,中潮,21,,,晴曇,0.6,3
2024/7/24,中潮,,,,雨雲,0.7,2
2024/7/25,中潮,38,,,雨雲,0.4,2
2024/7/26,中潮,渋,,,晴雲,0.3,2.5
2024/7/27,小潮,36,,,曇,0.3,1
2024/7/28,小潮,18,,緩い,曇,0.8,2
2024/7/29,小潮,,,,晴,1.6,5
2024/7/30,長潮,,,,雨雲,1.5,6
2024/7/31,若潮,,,,雲晴,0.8,3.5
2024/8/1,中潮,デスメタル,,,晴,0.4,1.5
2024/8/2,中潮,50,,,晴,0.2,1
2024/8/3,大潮,デスメタル,,,晴,0.2,2.7
2024/8/6,中潮,,,,晴,0.8,5
2024/8/7,中潮,48,,,晴,0.4,3
2024/8/8,中潮,32,,,晴,0.4,4.5
2024/8/18,大潮,,,,雨晴,0.8,5
2024/8/19,大潮,良,,緩い,晴雲,0.2,4.5
2024/8/20,大潮,29,,緩い,雨晴,0.2,1
2024/8/21,中潮,32,,,晴,0.5,2
2024/8/22,中潮,,,,晴,0.3,5
2024/8/23,中潮,25,,,晴,0.5,1.4
2024/8/24,中潮,23,,,晴,0.5,3.5
2024/8/25,小潮,19,,,曇,0.2,1.6
2025/7/1,小潮,,,,雲,0.2,1
2025/7/2,小潮,,33,,雲,0.2,3
2025/7/3,小潮,,,,晴雲,0.2,3
2025/7/4,長潮,,34,,雲晴,0.4,3
2025/7/5,若潮,,,,雨雲,1,5
2025/7/6,中潮,26,,,晴雲,0.8,4
2025/7/7,中潮,,20,,晴,0.4,5
2025/7/10,大潮,,,,雨晴,0.7,7.5
2025/7/11,大潮,24,20,,晴,0.8,6.3
2025/7/12,中潮,,12,,晴,0.6,4
2025/7/13,中潮,13,9,緩い,晴,0.2,5.5
2025/7/18,小潮,,,,雲晴,0.4,8.5
2025/7/19,長潮,13,10,,晴,0.2,7.5
2025/7/20,若潮,10,22,,晴,0.2,3.5
2025/7/21,中潮,,20,,晴,0.2,3
2025/7/22,中潮,57,40,緩い,晴,0.2,3
2025/7/23,大潮,,25,,晴,0.2,5
2025/7/24,大潮,16,,,晴,0.2,4
2025/7/25,大潮,47,22,,晴,0.2,5
2025/7/26,大潮,25,21,,晴,0.2,5
2025/7/27,中潮,29,12,,晴,0.2,4.5
2025/7/28,中潮,,47,,晴,0.2,5.5
2025/7/30,中潮,27,15,,晴,0.4,6
2025/8/1,小潮,,,,晴,0.8,7
2025/8/2,小潮,18,,,晴,0.7,7
2025/8/3,長潮,,23,緩い,晴,0.4,4
2025/8/7,若潮,,,,晴雨,0.5,8
2025/8/8,大潮,20,35,,雲晴雲,0.8,6
2025/8/9,大潮,42,40,速い,晴雨,0.7,3
2025/8/12,中潮,,,,雨雲,1.1,1.8
2025/8/13,中潮,10,13,速い,雨曇,0.2,1.5
2025/8/14,中潮,18,10,速い,雲晴,0.5,2.8
2025/8/16,小潮,,,,晴,0.4,2
2025/8/17,小潮,28,66,速い,晴,0.5,3
2025/8/18,長潮,,61,速い,晴,0.5,2.5
2025/8/19,若潮,45,,速い,晴雨,0.6,2.7
2025/8/20,中潮,,40,,晴,0.7,3
2025/8/21,中潮,,45,,雨晴,0.5,5
2025/8/22,大潮,25,40,緩い,晴,0.2,3.8
2025/8/23,大潮,31,30,緩い,晴雨,0.2,3.5
2025/8/24,大潮,45,40,緩い,晴,0.3,4
2025/8/25,中潮,49,,,晴,0.2,4.5
2025/8/26,中潮,25,,,晴雨,0.5,5
2025/8/28,中潮,,,,晴,1,5
2025/8/29,小潮,20,,緩い,晴,0.7,3.5
2025/8/30,小潮,40,,緩い,晴,0.6,3.2
2025/8/31,小潮,36,,緩い,晴,0.4,6
2026/7/2,中潮,,,,雨,1,6
2026/7/3,中潮,,20,,晴,0.5,1.6
2026/7/4,中潮,20,15,速い,晴雲,0.2,3
2026/7/6,小潮,,,,雨雲,0.2,2
2026/7/7,小潮,5,,,雲晴,0.2,4
2026/7/8,小潮,,,,雲晴,0.2,4.2
2026/7/9,長潮,10,,速い,晴,0.2,3
2026/7/10,若潮,14,20,,晴,0.2,2.5
2026/7/11,中潮,40,,,晴雲,0.2,1.5
2026/7/12,中潮,,47,,曇,0.2,2.5
2026/7/13,大潮,,,,曇,1,2.5
2026/7/14,大潮,,40,速い,曇,0.8,2.5
2026/7/15,大潮,,,,晴雲,1,5
2026/7/16,中潮,40,31,速い,雨晴,0.7,1.7
2026/7/17,中潮,42,,速い,晴雲,0.4,3.5
2026/7/18,中潮,40,70,緩い,雨雲,0.4,6
2026/7/19,中潮,14,13,緩い,曇晴,0.2,2.5
2026/7/20,小潮,,30,,晴,0.3,2.4
2026/7/21,小潮,,,,晴,0.2,2.4
2026/7/22,小潮,,25,速い,晴,0.5,1.8
2026/7/23,長潮,16,,速い,晴,0.4,2
2026/7/24,若潮,15,,速い,晴,0.5,2.5
2026/7/25,中潮,18,21,速い,晴,0.5,5
2026/7/26,中潮,5,26,速い,雲雨雲,0.4,2.6
2026/7/27,大潮,,23,,雨曇,0.5,2
2026/7/30,大潮,,,,雲晴,0.8,3.5
2026/7/31,中潮,14,37,速い,晴,0.7,2.3
2026/8/1,中潮,21,27,速い,晴,0.6,3.5
2026/8/2,中潮,35,,速い,晴,0.8,4.5
2026/8/3,中潮,24,26,速い,晴,0.8,4
2026/8/4,小潮,52,,速い,晴,0.2,3.5
2026/8/5,小潮,,,,晴,0.2,4.5
2026/8/6,小潮,41,47,,晴,0.2,4
2026/8/7,長潮,,22,,晴,0.2,4.5
2026/8/12,若潮,,,,雨晴雨,0.4,5
2026/8/13,大潮,20,,緩い,雲晴,0.4,2.5
2026/8/14,大潮,14,29,速い,雲晴雨,0.2,4
2026/8/17,中潮,,66,,曇晴,0.2,5
2026/8/18,中潮,42,70,緩い,晴,0.2,4
2026/8/19,小潮,,13,,晴,0.2,1.6
2026/8/20,小潮,10,18,速い,晴雲,0.2,4
2026/8/21,小潮,32,22,速い,雨雲晴,0.2,5
2026/8/22,長潮,9,17,速い,晴,0.6,4
2026/8/23,若潮,23,27,緩い,晴,0.3,1.9
2026/8/24,中潮,,21,緩い,晴,0.2,2
